{
  "96": {
    "corners": [
      [
        390,
        321
      ],
      [
        482,
        319
      ],
      [
        479,
        395
      ],
      [
        386,
        398
      ]
    ],
    "center": [
      434.25,
      358.25
    ],
    "orientation": [
      0.045703824609518,
      -0.9989550113678
    ]
  },
  "97": {
    "corners": [
      [
        911,
        315
      ],
      [
        916,
        386
      ],
      [
        830,
        386
      ],
      [
        827,
        314
      ]
    ],
    "center": [
      871,
      350.25
    ],
    "orientation": [
      0.99998265504837,
      0.0058822510764003
    ]
  },
  "98": {
    "corners": [
      [
        720,
        387
      ],
      [
        719,
        313
      ],
      [
        802,
        312
      ],
      [
        806,
        385
      ]
    ],
    "center": [
      761.75,
      349.25
    ],
    "orientation": [
      -0.99984246492386,
      0.017748683691025
    ]
  },
  "27": {
    "corners": [
      [
        268,
        424
      ],
      [
        360,
        414
      ],
      [
        359,
        497
      ],
      [
        267,
        507
      ]
    ],
    "center": [
      313.5,
      460.5
    ],
    "orientation": [
      0.012047317810357,
      -0.99992740154266
    ]
  },
  "4": {
    "corners": [
      [
        1039,
        312
      ],
      [
        1117,
        310
      ],
      [
        1130,
        380
      ],
      [
        1050,
        383
      ]
    ],
    "center": [
      1084,
      346.25
    ],
    "orientation": [
      -0.16779935359955,
      -0.98582118749619
    ]
  },
  "33": {
    "corners": [
      [
        365,
        223
      ],
      [
        277,
        230
      ],
      [
        279,
        161
      ],
      [
        366,
        156
      ]
    ],
    "center": [
      321.75,
      192.5
    ],
    "orientation": [
      -0.022053459659219,
      0.99975681304932
    ]
  },
  "30": {
    "corners": [
      [
        390,
        152
      ],
      [
        476,
        147
      ],
      [
        477,
        214
      ],
      [
        389,
        219
      ]
    ],
    "center": [
      433,
      183
    ],
    "orientation": [
      0,
      -1
    ]
  },
  "94": {
    "corners": [
      [
        496,
        394
      ],
      [
        500,
        319
      ],
      [
        589,
        317
      ],
      [
        589,
        391
      ]
    ],
    "center": [
      543.5,
      355.25
    ],
    "orientation": [
      -0.99962288141251,
      0.027462165802717
    ]
  },
  "robot": {
    "corners": [
      [
        698,
        763
      ],
      [
        808,
        766
      ],
      [
        803,
        878
      ],
      [
        688,
        875
      ]
    ],
    "center": [
      749.25,
      820.5
    ],
    "orientation": [
      0.06681464612484,
      -0.99776542186737
    ]
  },
  "26": {
    "corners": [
      [
        937,
        311
      ],
      [
        1016,
        314
      ],
      [
        1025,
        385
      ],
      [
        941,
        383
      ]
    ],
    "center": [
      979.75,
      348.25
    ],
    "orientation": [
      -0.090535745024681,
      -0.99589323997498
    ]
  },
  "99": {
    "corners": [
      [
        816,
        91
      ],
      [
        894,
        91
      ],
      [
        899,
        153
      ],
      [
        821,
        153
      ]
    ],
    "center": [
      857.5,
      122
    ],
    "orientation": [
      -0.080384187400341,
      -0.99676394462585
    ]
  },
  "21": {
    "corners": [
      [
        389,
        303
      ],
      [
        391,
        236
      ],
      [
        473,
        229
      ],
      [
        477,
        296
      ]
    ],
    "center": [
      432.5,
      266
    ],
    "orientation": [
      -0.99662613868713,
      0.082075089216232
    ]
  },
  "22": {
    "corners": [
      [
        845,
        588
      ],
      [
        840,
        506
      ],
      [
        923,
        504
      ],
      [
        928,
        586
      ]
    ],
    "center": [
      884,
      546
    ],
    "orientation": [
      -0.99970978498459,
      0.024089392274618
    ]
  },
  "23": {
    "corners": [
      [
        730,
        600
      ],
      [
        728,
        516
      ],
      [
        819,
        513
      ],
      [
        824,
        595
      ]
    ],
    "center": [
      775.25,
      556
    ],
    "orientation": [
      -0.99906629323959,
      0.043202865868807
    ]
  },
  "24": {
    "corners": [
      [
        1026,
        507
      ],
      [
        1035,
        580
      ],
      [
        946,
        585
      ],
      [
        939,
        510
      ]
    ],
    "center": [
      986.5,
      545.5
    ],
    "orientation": [
      0.99896860122681,
      -0.04540766403079
    ]
  },
  "90": {
    "corners": [
      [
        241,
        430
      ],
      [
        241,
        513
      ],
      [
        140,
        525
      ],
      [
        143,
        441
      ]
    ],
    "center": [
      191.25,
      477.25
    ],
    "orientation": [
      0.9933870434761,
      -0.11481358110905
    ]
  },
  "91": {
    "corners": [
      [
        974,
        695
      ],
      [
        965,
        607
      ],
      [
        1054,
        603
      ],
      [
        1066,
        689
      ]
    ],
    "center": [
      1014.75,
      648.5
    ],
    "orientation": [
      -0.99847728013992,
      0.055164489895105
    ]
  },
  "92": {
    "corners": [
      [
        918,
        484
      ],
      [
        830,
        484
      ],
      [
        827,
        407
      ],
      [
        912,
        407
      ]
    ],
    "center": [
      871.75,
      445.5
    ],
    "orientation": [
      0.058342013508081,
      0.99829667806625
    ]
  },
  "93": {
    "corners": [
      [
        481,
        416
      ],
      [
        476,
        497
      ],
      [
        382,
        498
      ],
      [
        386,
        416
      ]
    ],
    "center": [
      431.25,
      456.75
    ],
    "orientation": [
      0.99998605251312,
      -0.0052909315563738
    ]
  },
  "time": 785521.05810376,
  "95": {
    "corners": [
      [
        609,
        397
      ],
      [
        610,
        322
      ],
      [
        697,
        320
      ],
      [
        699,
        394
      ]
    ],
    "center": [
      653.75,
      358.25
    ],
    "orientation": [
      -0.9996013045311,
      0.028237324208021
    ]
  }
}