{
  "33": {
    "corners": [
      [
        365,
        223
      ],
      [
        277,
        230
      ],
      [
        279,
        161
      ],
      [
        366,
        156
      ]
    ],
    "center": [
      321.75,
      192.5
    ],
    "orientation": [
      -0.022053459659219,
      0.99975681304932
    ]
  },
  "99": {
    "corners": [
      [
        816,
        91
      ],
      [
        894,
        91
      ],
      [
        899,
        153
      ],
      [
        821,
        153
      ]
    ],
    "center": [
      857.5,
      122
    ],
    "orientation": [
      -0.080384187400341,
      -0.99676394462585
    ]
  },
  "robot": {
    "corners": [
      [
        698,
        763
      ],
      [
        808,
        766
      ],
      [
        803,
        878
      ],
      [
        688,
        875
      ]
    ],
    "center": [
      749.25,
      820.5
    ],
    "orientation": [
      0.06681464612484,
      -0.99776542186737
    ]
  }
}